x, y, z
-0.576104,0.898581,-0.713728
-0.684864,0.904908,-0.732805
-0.711721,0.820146,-0.740378
-0.577625,0.83733,-0.721546
-0.343385,1.00696,-0.608407
-0.335947,0.955366,-0.606587
-0.29776,0.964142,-0.579494
-0.296107,1.02094,-0.576502
-0.124422,1.28699,-0.696647
-0.174585,1.30597,-0.706739
-0.205188,1.28261,-0.675198
-0.135814,1.27012,-0.670945
-0.04918,1.25852,-0.681507
-0.060572,1.24165,-0.655805
-0.048784,1.20089,-0.628912
0.101263,1.09002,-0.576079
0.08654,1.1381,-0.582708
-0.015064,1.09507,-0.568525
-0.018154,1.13289,-0.589842
0.052063,1.06895,-0.582796
0.737063,0.198108,-0.616896
0.666262,0.240304,-0.603032
0.641047,0.201352,-0.599941
0.709815,0.152058,-0.614315
0.883136,0.150307,-0.65607
0.815928,0.159248,-0.64439
0.788679,0.113198,-0.641809
0.912501,0.106006,-0.658366
-0.251839,0.087555,-0.769343
-0.322424,-0.023207,-0.771315
-0.286068,-0.027597,-0.779563
-0.183042,0.092469,-0.781023
-1.317,0.359885,-1.45278
-1.39041,0.396015,-1.3913
-1.37705,0.497413,-1.41825
-1.30985,0.505095,-1.47796
-1.12065,0.456773,-1.75216
-1.14914,0.359457,-1.69288
-1.24493,0.352935,-1.53508
-1.23778,0.498145,-1.56027
-1.46999,0.660712,-1.31408
-1.46912,0.720122,-1.2966
-1.43662,0.775383,-1.30969
-1.01554,1.30843,-0.904244
-0.939923,1.21642,-0.826699
-0.8441,1.29624,-0.826902
-0.890333,1.36158,-0.898283
-0.260416,1.36895,-0.77741
-0.312812,1.38157,-0.803667
-0.338411,1.35233,-0.749402
-0.249828,1.33444,-0.721878
0.199146,1.31606,-0.743044
0.185324,1.3486,-0.803452
0.117464,1.35266,-0.812658
0.120822,1.31191,-0.746226
0.042329,1.44319,-0.96225
0.16459,1.39741,-0.894063
0.119464,1.48274,-0.988866
0.159615,1.48199,-0.93573
0.180587,1.42274,-0.896094
0.09673,1.40147,-0.90327
0.248599,1.34287,-0.768183
0.262421,1.31033,-0.707775
0.287874,1.29932,-0.670666
0.318104,1.34263,-0.712034
0.305894,1.3745,-0.736481
0.264596,1.3682,-0.770214
0.431351,1.5449,-0.816496
0.46242,1.60934,-0.842742
0.367753,1.63669,-0.864937
0.368679,1.56749,-0.825632
0.992927,1.41379,-0.925149
1.10113,1.43294,-0.934288
1.01935,1.52377,-0.940242
0.925356,1.45996,-0.921929
1.17768,1.02145,-0.88226
1.29105,1.00375,-0.882656
1.26037,1.13245,-0.906564
1.12883,1.14645,-0.900577
0.741184,-0.283352,-1.43816
0.824242,-0.195141,-1.4348
0.882117,-0.20055,-1.26497
0.732657,-0.310138,-1.27819
0.541383,-0.16171,-2.26471
0.596111,-0.079291,-2.21907
0.634803,-0.092891,-2.02568
0.576565,-0.184898,-1.99674
0.893718,0.366394,-2.14462
0.844353,0.244076,-2.11317
0.788153,0.251741,-2.35192
0.842946,0.356785,-2.3169
0.769854,-0.002767,-1.86948
0.837411,0.109021,-1.90275
0.923959,0.09498,-1.70257
0.842533,-0.032181,-1.66556
1.04143,0.353581,-1.80487
0.983468,0.218541,-1.75454
0.89692,0.232582,-1.95473
0.946285,0.354899,-1.98617
1.2225,0.484708,-1.64858
1.25411,0.637071,-1.70797
1.34948,0.661933,-1.5291
1.31461,0.507532,-1.45724
0.873876,0.558797,-2.43049
0.939028,0.601372,-2.21612
0.919018,0.4664,-2.17489
0.868246,0.456791,-2.34718
1.27119,0.816814,-1.79686
1.27282,0.954129,-1.84485
1.3482,0.997038,-1.68921
1.36656,0.841676,-1.618
0.88864,0.709207,-2.47162
0.887466,0.835816,-2.52152
0.958224,0.868928,-2.2968
0.953792,0.751782,-2.25726
1.43916,1.10334,-1.04847
1.44371,1.13807,-0.926173
1.38056,1.1189,-0.909144
1.41124,0.990193,-0.885236
1.45798,0.960131,-0.995558
1.20236,1.48946,-0.94808
1.2654,1.50888,-0.975931
1.1793,1.61466,-0.991708
1.12058,1.5803,-0.954034
0.796734,1.81895,-0.986718
0.667076,1.84849,-0.979894
0.618501,1.82371,-0.950335
0.331104,1.85885,-1.05412
0.373664,1.84044,-0.984306
0.463726,1.84824,-0.976502
1.35402,1.36563,-1.12115
1.36041,1.39194,-1.00121
1.41194,1.28022,-0.979043
1.40739,1.24548,-1.10134
1.33209,1.16904,-1.54485
1.27256,1.28181,-1.5631
1.31066,1.32611,-1.35196
1.36403,1.20597,-1.33215
1.20311,1.37509,-1.53015
1.11541,1.47222,-1.50189
1.15179,1.51874,-1.31317
1.2412,1.4194,-1.31901
1.00426,1.55562,-1.46597
0.876854,1.64934,-1.42789
0.904933,1.68178,-1.26941
1.04064,1.60214,-1.27725
-0.304538,1.48858,-1.04722
-0.269332,1.45663,-0.955122
-0.216937,1.44401,-0.928865
-0.186484,1.55545,-1.11733
0.853866,1.00573,-2.53657
0.790546,1.05131,-2.58763
0.84191,1.10694,-2.37995
0.910555,1.03824,-2.35592
0.258253,1.79248,-0.981552
0.215694,1.81089,-1.05137
0.134053,1.77329,-1.08056
0.175092,1.73112,-0.977862
0.124482,1.73015,-1.05414
0.148567,1.71813,-1.01108
0.245305,1.73694,-0.951882
0.940289,1.56838,-1.76843
0.820349,1.65451,-1.73981
0.854423,1.65154,-1.6305
0.981831,1.55783,-1.66858
0.72696,1.72072,-1.43131
0.587589,1.77087,-1.4202
0.603406,1.79118,-1.28076
0.755038,1.75317,-1.27283
0.168998,1.82333,-1.28011
0.100144,1.80146,-1.32392
0.074074,1.78341,-1.27554
0.446331,1.7935,-1.43466
0.336897,1.80085,-1.43496
0.34076,1.81074,-1.35475
0.462148,1.81381,-1.29522
0.179029,1.77917,-1.57816
0.112622,1.76924,-1.56212
0.087061,1.76943,-1.51439
0.184195,1.81098,-1.41167
0.227136,1.80783,-1.43033
0.223272,1.79794,-1.51054
-0.675869,1.42991,-1.21712
-0.562038,1.45792,-1.24909
-0.544283,1.44351,-1.32171
-0.587714,1.38424,-1.37426
-0.670948,1.38175,-1.33501
-0.482135,1.46841,-1.09313
-0.527971,1.47444,-1.1751
-0.641802,1.44642,-1.14313
-0.582679,1.45042,-1.07079
-0.757487,1.37892,-1.35101
-0.807069,1.33416,-1.41384
-0.85168,1.40913,-1.23402
-0.762409,1.42708,-1.23312
-1.0382,1.32839,-1.00453
-0.912992,1.38154,-0.998567
-0.945021,1.38619,-1.12063
-1.03293,1.34122,-1.13161
-0.424946,1.52372,-1.29723
-0.275941,1.59867,-1.38013
-0.308325,1.5557,-1.42794
-0.40719,1.50931,-1.36985
0.174809,1.69144,-1.77038
0.087173,1.66294,-1.75257
0.103818,1.74836,-1.6455
0.170225,1.75829,-1.66153
0.756337,1.56684,-1.87827
0.787284,1.64799,-1.7572
0.907224,1.56185,-1.78583
0.888288,1.48487,-1.87581
0.79631,1.26236,-2.23949
0.673313,1.33759,-2.25384
0.720331,1.43701,-2.0764
0.852282,1.35505,-2.07394
0.312778,1.53289,-2.02078
0.26683,1.42695,-2.19599
0.204135,1.43933,-2.14382
0.220344,1.54797,-1.97442
-0.120363,1.34474,-1.96457
-0.154212,1.39316,-1.80951
-0.103994,1.45864,-1.79104
-0.71373,1.22499,-1.60362
-0.664148,1.26976,-1.5408
-0.580914,1.27224,-1.58004
-0.653733,1.14153,-1.80643
-0.414454,1.09775,-2.38651
-0.530649,1.05813,-2.36763
-0.603755,1.08662,-2.04685
-0.48505,1.1373,-2.04666
0.037766,1.22707,-2.53561
-0.072944,1.21417,-2.42363
-0.103884,1.26612,-2.17095
0.014282,1.30413,-2.2449
0.693598,1.1469,-2.61165
0.579884,1.21029,-2.62666
0.621965,1.27775,-2.41832
0.744963,1.20252,-2.40397
0.602938,1.02376,-3.121
0.513086,1.06264,-3.20938
0.52526,1.14092,-2.88417
0.638974,1.07753,-2.86916
0.034525,1.13047,-3.2317
-0.12456,1.11877,-3.22824
-0.183002,1.1181,-2.84272
-0.514786,1.0104,-2.80948
-0.435283,1.01199,-3.22229
-0.497492,0.916777,-3.19363
-0.591565,0.899078,-2.80506
-0.191112,1.11869,-3.9136
-0.268473,1.07674,-3.93197
-0.315318,1.06542,-3.58436
-0.220185,1.10413,-3.57596
0.382858,1.01679,-3.90498
0.248245,1.09969,-3.88393
0.227175,1.10945,-3.56779
0.390028,1.06366,-3.57212
-0.141278,1.13096,-4.24407
-0.108643,1.14283,-4.58797
-0.1647,1.11411,-4.67749
-0.218639,1.08901,-4.26244
0.064323,1.15201,-4.31804
0.100951,1.14995,-4.71482
0.038263,1.16253,-4.59488
0.029402,1.15808,-4.31554
0.280598,1.10743,-5.2261
0.31691,1.07832,-5.26945
0.124163,1.0848,-5.21776
0.220567,1.12878,-5.21521
0.175304,0.816897,-5.25538
0.313109,1.05439,-4.7702
0.276797,1.0835,-4.60166
0.2358,1.088,-4.23236
-0.240756,1.0571,-5.26215
-0.179975,1.10764,-5.23856
-0.132984,1.07634,-5.26129
-0.279237,1.01323,-5.15323
-0.198979,1.0979,-5.15234
-0.186904,1.1063,-5.1643
-0.247685,1.05576,-5.18789
0.50351,0.850314,-4.62955
0.508653,0.867023,-4.23531
0.588041,0.719904,-4.2076
0.557161,0.742528,-4.65243
0.618467,0.393047,-3.84034
0.634339,0.55719,-3.83887
0.684396,0.531204,-3.47009
0.65215,0.34857,-3.42947
0.75712,0.659743,-3.09756
0.765283,0.779857,-3.05676
0.825678,0.787178,-2.80299
0.826852,0.660569,-2.7531
0.273253,1.07582,-0.491483
0.311678,1.0236,-0.491592
0.285154,1.08186,-0.488239
0.301282,0.99728,-0.506668
-0.708588,1.40242,-0.852318
-0.662355,1.33708,-0.780936
-0.559191,1.3215,-0.740499
-0.515959,1.36567,-0.73568
-0.52996,1.39697,-0.786368
-0.595404,1.42186,-0.844594
-0.777538,1.0786,-0.756122
-0.692668,0.994112,-0.729921
-0.583908,0.987785,-0.710844
-0.561022,1.04178,-0.700304
-0.543569,1.09077,-0.693501
-0.578552,1.14285,-0.715888
-0.681716,1.15842,-0.756325
-1.09392,0.936633,-0.762164
-1.1378,0.804301,-0.735687
-1.02936,0.781835,-0.748038
-0.87633,0.906854,-0.743011
-0.9612,0.991342,-0.769212
-0.852202,0.589653,-0.762544
-0.882596,0.688323,-0.759687
-1.00877,0.648067,-0.757141
-0.994928,0.542047,-0.753755
-0.693592,0.737296,-0.749241
-0.663197,0.638626,-0.752098
-0.53058,0.699942,-0.726955
-0.559496,0.75448,-0.730409
-0.592475,0.469953,-0.746774
-0.472705,0.553366,-0.717665
-0.51011,0.622478,-0.725599
-0.642727,0.561161,-0.750742
-0.84425,0.148,-0.718251
-0.951418,0.080443,-0.691697
-0.763206,-0.012468,-0.706579
-0.731629,0.076601,-0.723481
-0.581103,0.213742,-0.748093
-0.66055,0.295451,-0.749928
-0.771368,0.224275,-0.741431
-0.658747,0.152876,-0.746661
-0.425053,0.69235,-0.685041
-0.387649,0.623237,-0.677106
-0.338383,0.704097,-0.645399
-0.366464,0.740188,-0.65258
0.113596,0.798426,-0.630574
0.11127,0.866045,-0.629616
0.066831,0.898456,-0.612023
0.177529,0.875844,-0.638411
0.179854,0.808225,-0.639369
0.241157,0.809622,-0.627038
0.214761,0.880816,-0.633073
0.232473,1.05815,-0.536641
0.24286,1.00637,-0.55268
0.28293,0.991182,-0.525281
0.254901,1.06972,-0.510097
-0.003929,1.04811,-0.560729
-0.071057,1.07423,-0.546458
-0.105136,1.06274,-0.534282
-0.080325,1.00467,-0.525541
-0.042556,0.973539,-0.545025
-0.000238,1.00549,-0.568036
-0.162801,0.851178,-0.498498
-0.198383,0.83904,-0.513354
-0.202694,0.773486,-0.532567
-0.276232,0.363991,-0.694939
-0.346343,0.368246,-0.703095
-0.41355,0.264294,-0.730817
-0.311125,0.231874,-0.732337
-0.097797,0.50457,-0.665756
-0.066099,0.592565,-0.644927
-0.080113,0.632084,-0.608691
-0.145178,0.619766,-0.601851
-0.162858,0.501038,-0.648802
-0.065124,0.36384,-0.741302
-0.096281,0.233106,-0.773426
-0.074712,0.233356,-0.791506
-0.0371,0.340331,-0.77295
0.064452,0.26284,-0.781154
0.02586,0.339332,-0.777172
-0.014626,0.33498,-0.790966
0.034731,0.539732,-0.704837
-0.016646,0.58229,-0.693449
-0.02032,0.470786,-0.745926
-0.048344,0.494295,-0.714278
0.020166,0.475138,-0.732132
0.2637,0.258697,-0.69511
0.254814,0.387846,-0.668687
0.180381,0.440904,-0.676375
0.163437,0.281246,-0.721759
0.616571,0.195028,-0.629742
0.584785,0.17763,-0.651211
0.680179,0.102336,-0.670416
0.685338,0.145734,-0.644115
0.501141,0.391184,-0.605017
0.492988,0.33847,-0.62179
0.53657,0.236536,-0.639208
0.568356,0.253934,-0.617739
0.307287,0.902136,-0.560762
0.267217,0.917323,-0.588161
0.260192,0.885935,-0.608259
0.272829,1.21144,-0.526431
0.303138,1.21617,-0.563896
0.273662,1.26401,-0.58372
0.254522,1.23724,-0.543553
0.470994,0.696805,-0.564842
0.431388,0.695757,-0.561604
0.474901,0.570874,-0.573109
0.512963,0.54717,-0.576521
0.52142,0.633635,-0.606204
0.522196,0.846022,-0.672562
0.457898,0.87068,-0.605293
0.483942,0.769598,-0.60079
0.534368,0.706428,-0.642152
0.380061,1.30761,-0.693427
0.361848,1.33804,-0.689996
0.339446,1.32878,-0.680055
0.338692,1.23762,-0.618864
0.393769,1.24641,-0.6873
0.501288,1.15371,-0.767904
0.538197,1.09325,-0.782895
0.626279,1.0739,-0.822841
0.591953,1.15807,-0.82416
0.462663,1.37028,-0.789628
0.427313,1.40207,-0.777499
0.407711,1.37968,-0.7518
0.425924,1.34925,-0.755231
0.507844,1.43755,-0.823298
0.451227,1.46737,-0.806013
0.440251,1.4276,-0.792782
0.475601,1.39581,-0.804911
0.644415,1.61832,-0.886163
0.710408,1.69225,-0.912851
0.607251,1.70927,-0.897794
0.563025,1.65331,-0.873411
0.677404,1.41308,-0.879583
0.753216,1.45794,-0.896729
0.669514,1.50814,-0.882626
0.613672,1.44887,-0.860913
0.658095,1.26125,-0.858868
0.754447,1.26386,-0.882746
0.686436,1.34507,-0.880193
0.635028,1.31963,-0.85945
0.735214,1.07361,-0.849429
0.840722,1.05356,-0.863193
0.79724,1.1604,-0.874627
0.700888,1.15778,-0.850749
1.07385,0.758726,-0.826567
1.08013,0.908451,-0.855872
0.971298,0.92504,-0.853136
0.975172,0.791182,-0.831696
0.874104,0.655299,-0.800197
0.796905,0.65531,-0.789881
0.77069,0.543337,-0.746331
0.850404,0.506858,-0.756744
0.626411,0.362024,-0.625774
0.653966,0.463306,-0.672472
0.580499,0.523082,-0.643057
0.572042,0.436617,-0.613373
0.798698,0.091533,-0.661185
0.793539,0.048134,-0.687485
0.913743,0.026844,-0.69325
0.92252,0.084341,-0.677742
1.11346,0.429391,-0.745246
1.18759,0.382269,-0.741843
1.25258,0.545814,-0.780006
1.1521,0.572038,-0.784595
-1.343,0.815821,-0.730629
-1.29912,0.948153,-0.757106
-1.35636,0.992028,-0.806606
-1.44162,0.829483,-0.7607
-1.22361,1.14364,-0.850887
-1.16637,1.09976,-0.801387
-1.03365,1.15447,-0.808435
-1.10927,1.24648,-0.88598
-1.41271,0.270012,-0.678177
-1.29763,0.10932,-0.663619
-1.22858,0.154466,-0.65992
-1.3322,0.296493,-0.662645
-0.567443,-0.303923,-0.742816
-0.489898,-0.222551,-0.738329
-0.484177,-0.163288,-0.731695
-0.756419,-0.220436,-0.690146
-0.722435,-0.275041,-0.736227
-0.520533,-0.158898,-0.723446
-0.661593,-0.16565,-0.701621
-1.41793,0.184401,-0.773641
-1.30355,0.033837,-0.768596
-1.30773,0.080712,-0.713444
-1.4228,0.241404,-0.728002
-1.48638,0.349001,-0.802288
-1.49125,0.406004,-0.756648
-1.52624,0.505097,-0.777501
-1.54014,0.662282,-1.28982
-1.56469,0.631889,-1.22551
-1.54982,0.743799,-1.17889
-1.53927,0.721691,-1.27235
-1.38013,1.03041,-0.893182
-1.49375,0.861902,-0.911979
-1.4654,0.867863,-0.847276
-1.4963,0.883885,-1.00024
-1.37118,1.05466,-1.03772
-1.45878,0.964257,-1.03916
-1.23519,1.03148,-1.44725
-1.31498,0.914731,-1.42628
-1.36924,0.917004,-1.35779
-1.40926,0.942738,-1.32468
-1.41481,0.989957,-1.25705
-1.3272,1.08036,-1.25561
-0.888033,1.1626,-1.62667
-0.809422,1.16783,-1.64664
-0.749425,1.08437,-1.84944
-0.858424,0.962751,-1.84885
-0.960582,1.05753,-1.65179
-1.42277,0.167263,-1.13855
-1.44123,0.208192,-1.24951
-1.40631,0.20999,-1.3066
-1.28784,0.010799,-1.38557
-1.33373,-0.01266,-1.22533
-0.919728,-0.205474,-1.87506
-1.01048,-0.221966,-1.72003
-1.10246,-0.100349,-1.63684
-0.911093,-0.378825,-1.76071
-0.820346,-0.362332,-1.91574
-0.744692,-0.470111,-1.9618
-0.763369,-0.519758,-1.65687
-0.861841,-0.477394,-1.69185
-0.727238,-0.529511,-1.87804
-0.664085,-0.560946,-1.8571
-1.33286,-0.022107,-1.03053
-1.27601,-0.073184,-0.946684
-1.29589,-0.007065,-0.836611
-0.541656,-0.505282,-1.18196
-0.696337,-0.4743,-1.15947
-0.775918,-0.463006,-1.23495
-0.167985,-0.530093,-1.09807
-0.351041,-0.547846,-1.13055
-0.316209,-0.605342,-1.33259
-0.137372,-0.609183,-1.29677
0.201273,-0.531588,-1.26055
0.199852,-0.454902,-1.03586
0.020178,-0.488968,-1.06258
0.050791,-0.568058,-1.26128
0.341059,-0.208261,-0.722942
0.353423,-0.321686,-0.817222
0.543638,-0.263836,-0.802054
0.526574,-0.177452,-0.703907
0.40821,-0.138933,-0.705076
0.789944,-0.19919,-0.82206
0.948136,-0.066281,-0.721482
0.827932,-0.044991,-0.715716
0.772879,-0.112806,-0.723913
0.97113,-0.094892,-0.815045
1.05161,0.033322,-0.697804
1.15815,0.177275,-0.707139
1.06039,0.090819,-0.682296
1.07461,0.004711,-0.791367
1.17794,0.138727,-0.799084
1.40149,0.711842,-1.32606
1.43391,0.760932,-1.13167
1.40214,0.595759,-1.06993
1.36662,0.557441,-1.2542
1.28254,0.291151,-0.834761
1.36189,0.456257,-0.863852
1.32775,0.493244,-0.780979
1.26275,0.329699,-0.742816
0.547514,-0.41579,-1.43997
0.576161,-0.395238,-1.53574
0.648475,-0.331202,-1.50489
0.639948,-0.357988,-1.34492
0.37774,-0.541396,-1.75078
0.469825,-0.474146,-1.63978
0.441178,-0.494698,-1.544
0.339555,-0.536513,-1.52735
0.43196,-0.476818,-1.75397
0.3446,-0.564574,-1.69249
0.404759,-0.462389,-1.90816
0.350539,-0.526966,-1.90497
0.312965,-0.551323,-1.98557
0.217977,-0.619678,-1.67184
0.212933,-0.591617,-1.5067
0.062451,-0.628087,-1.50743
-0.509906,-0.612554,-1.91902
-0.405215,-0.667012,-2.00597
-0.336333,-0.674744,-1.88582
-0.404913,-0.639362,-1.83788
-0.157874,-0.737592,-1.83772
-0.110898,-0.778998,-1.93094
-0.023544,-0.764879,-1.89355
-0.038595,-0.73561,-1.77692
0.181202,-0.697558,-1.8623
0.106522,-0.743236,-1.94077
0.191779,-0.700884,-1.95872
0.115294,-0.682468,-2.33476
0.211668,-0.623346,-2.27858
0.227442,-0.638823,-2.07317
0.006425,-0.722643,-2.42293
0.00443,-0.756909,-2.2501
-0.091481,-0.769389,-2.30451
-0.094544,-0.735439,-2.47765
-0.090075,-0.641382,-3.04261
-0.017274,-0.647172,-2.95743
-0.002953,-0.682643,-2.67745
-0.103923,-0.695439,-2.73217
0.410231,-0.354868,-2.52813
0.390181,-0.335368,-2.86102
0.448602,-0.214662,-2.95219
0.469756,-0.24773,-2.56962
0.517418,-0.00103,-3.41842
0.486947,0.045145,-3.83199
0.568112,0.222241,-3.83186
0.601795,0.177764,-3.421
0.538443,0.275511,-4.21921
0.457277,0.098414,-4.21933
0.433715,0.181213,-4.71434
0.510496,0.338704,-4.69836
0.298383,0.096809,-5.30224
0.181985,-0.044353,-5.3002
0.140685,0.290235,-5.33606
0.087588,-0.127252,-5.31551
0.002339,-0.175404,-5.33866
0.046289,0.207336,-5.35138
-0.04383,-0.409648,-4.25601
-0.024407,-0.303707,-4.77028
0.060843,-0.255556,-4.74714
0.068399,-0.352602,-4.26043
-0.0983,-0.401534,-4.25705
-0.168907,-0.367976,-4.27256
-0.140708,-0.268002,-4.78781
-0.078876,-0.295594,-4.77132
-0.291475,-0.692811,-2.5785
-0.199713,-0.719628,-2.5464
-0.19665,-0.753577,-2.37326
-0.278395,-0.730171,-2.43261
-0.815429,0.526225,-2.36074
-0.956663,0.532501,-2.03251
-0.973817,0.627023,-1.98971
-0.55307,0.754221,-3.16102
-0.58264,0.605639,-3.14535
-0.680461,0.564115,-2.76587
-0.647143,0.736522,-2.77246
-0.44241,0.796745,-3.85685
-0.479251,0.664408,-3.83828
-0.520081,0.633599,-3.48804
-0.490512,0.78218,-3.50371
-0.345081,0.909903,-5.2465
-0.313529,0.952436,-5.28116
-0.205757,0.97167,-5.2803
-0.472046,0.425958,-4.20003
-0.475499,0.556183,-4.20796
-0.447399,0.598726,-4.6913
-0.456909,0.493285,-4.60441
-0.234248,-0.32378,-4.27658
-0.284878,-0.231726,-4.28041
-0.267989,-0.126997,-4.78272
-0.206049,-0.223806,-4.79182
-0.368548,-0.469225,-3.10309
-0.332313,-0.536329,-3.15171
-0.321496,-0.576491,-3.03182
-0.475398,-0.62332,-2.25436
-0.625572,-0.546027,-2.0757
-0.610969,-0.527578,-2.13618
-0.457728,-0.631921,-2.14172
-0.562419,-0.577462,-2.05477
-0.540153,-0.504947,-2.32772
-0.50421,-0.542347,-2.39003
-0.744481,-0.347935,-2.07389
-0.630293,-0.313572,-2.3661
-0.598011,-0.433083,-2.31149
-0.668827,-0.455713,-2.11995
-0.493709,-0.260078,-2.78257
-0.413678,-0.199421,-3.14845
-0.375894,-0.342968,-3.14643
-0.461426,-0.379589,-2.72796
-0.366909,-0.260934,-3.4613
-0.404693,-0.117387,-3.46333
-0.383394,-0.035869,-3.83573
-0.345202,-0.178809,-3.84597
-0.396587,0.460526,-5.32646
-0.417446,0.650811,-5.29788
-0.183605,0.566852,-5.34361
-0.426956,0.545371,-5.21099
-0.329986,-0.090791,-4.2654
-0.368178,0.052149,-4.25516
-0.358357,0.16595,-4.7559
-0.313097,0.013937,-4.7677
-1.12009,0.519841,-0.72734
-1.13393,0.62586,-0.730725
-0.398075,0.843156,-0.650259
-0.41546,0.905215,-0.652355
-0.489195,0.931909,-0.680508
-0.47181,0.86985,-0.678412
-0.903187,0.822092,-0.750584
-0.302207,1.08887,-0.574263
-0.349485,1.0749,-0.606168
-0.245528,1.02517,-0.530076
-0.247181,0.968372,-0.533068
0.248098,1.136,-0.497461
0.225671,1.12443,-0.524005
-0.147765,0.761273,-0.518233
-0.114324,0.760739,-0.52297
-0.12936,0.850644,-0.503235
-0.154127,0.964547,-0.504298
-0.101803,0.877135,-0.510015
-0.126569,0.991039,-0.511078
-0.29166,0.896209,-0.581733
-0.266816,0.864934,-0.565199
-0.222337,0.937096,-0.516534
-0.329847,0.887433,-0.608826
-0.407366,0.984865,-0.643257
-0.399928,0.933267,-0.641437
-0.16697,1.1209,-0.557153
-0.17006,1.15872,-0.57847
-0.377743,1.06317,-0.631055
-0.340099,1.13631,-0.603604
-0.368357,1.12459,-0.628491
0.453243,1.3036,-0.760378
0.489982,1.32464,-0.794775
0.35799,1.41606,-0.736712
0.380392,1.42532,-0.746653
0.53292,1.36445,-0.826446
0.565163,1.4062,-0.844833
0.484389,1.51688,-0.820186
0.515458,1.58132,-0.846433
0.141555,1.26311,-0.655615
0.219879,1.26725,-0.652433
0.123126,1.57249,-0.991078
0.163277,1.57173,-0.937943
0.228338,1.50919,-0.851214
0.24931,1.44995,-0.811578
-0.134179,1.20915,-0.607756
-0.216777,1.22731,-0.607009
-0.252658,1.17688,-0.577723
-0.405615,1.31953,-0.696612
-0.388208,1.27811,-0.660335
-0.340312,1.26695,-0.651093
-0.357719,1.30837,-0.687371
-0.145966,1.24991,-0.634649
-0.21534,1.2624,-0.638902
-0.324401,1.32104,-0.698714
-0.296342,1.25699,-0.642716
-0.280432,1.31108,-0.690337
0.05591,1.2061,-0.621778
0.165728,1.20971,-0.594763
0.178146,1.18047,-0.540493
0.23861,1.20024,-0.520886
0.226192,1.22947,-0.575157
0.256917,1.17444,-0.503765
0.183542,1.02952,-0.59766
0.192868,1.1324,-0.533864
0.15074,1.03749,-0.60752
-0.172015,0.093301,-0.794141
-0.275041,-0.026766,-0.792681
0.10154,1.01642,-0.614236
-0.150562,1.33637,-0.747548
-0.16115,1.37088,-0.803079
0.105232,0.973797,-0.621543
0.149671,0.941386,-0.639136
0.190002,0.715083,-0.63745
0.116479,0.717338,-0.642926
0.125091,0.61628,-0.653887
0.198614,0.614024,-0.648411
0.550686,0.375268,-0.58815
0.605054,0.300675,-0.60055
0.579839,0.261722,-0.597459
0.512624,0.398972,-0.584738
0.779829,0.272182,-0.652087
0.848586,0.257724,-0.668912
0.885053,0.364723,-0.712159
0.816297,0.379181,-0.695334
0.534549,1.30515,-0.811089
0.557617,1.24677,-0.810507
1.03262,1.34337,-0.921204
0.890284,1.35739,-0.913602
0.918378,1.27906,-0.905407
1.06072,1.26504,-0.913009
0.947607,0.626345,-0.804545
1.04628,0.593889,-0.799416
0.923907,0.477904,-0.761092
0.968792,0.33806,-0.711134
1.00765,0.451242,-0.760067
0.915794,0.248783,-0.680592
1.02039,0.161283,-0.671344
0.991021,0.205585,-0.669047
-0.34988,0.101556,-0.757715
-0.420464,-0.009206,-0.759687
-0.231171,1.47025,-1.60431
-0.281389,1.40477,-1.62278
-0.424551,1.38886,-1.50799
-0.375902,1.36977,-1.58456
-0.532265,1.25315,-1.65661
-0.077242,1.40084,-0.86399
-0.133029,1.47396,-0.989775
0.085166,1.54565,-1.05457
0.130401,1.63133,-0.996631
0.092441,1.6045,-1.06012
-1.51108,0.693594,-0.791702
-1.53943,0.687633,-0.856405
-1.49559,0.849454,-1.26494
-1.52809,0.794193,-1.25186
-1.28565,0.623264,-1.47413
-1.35286,0.615581,-1.41442
-1.47553,0.514555,-1.3675
-1.4889,0.413157,-1.34055
-1.19138,1.20749,-1.26869
-1.23477,1.18928,-1.08543
-1.12412,1.28071,-1.10307
-1.08072,1.29892,-1.28632
-1.09472,0.707846,-1.74499
-1.13382,0.657678,-1.71829
-1.22938,0.725509,-1.56095
-1.19029,0.775676,-1.58764
-0.992132,0.26156,-1.96505
-0.963645,0.358876,-2.02433
-1.2338,0.604528,-1.56921
-1.11667,0.563156,-1.7611
-1.55613,0.526162,-1.25744
-1.53158,0.556554,-1.32175
-1.56238,0.503628,-1.13692
-1.52381,0.411359,-1.28346
-1.53007,0.388825,-1.16295
-1.36516,0.656014,-1.39495
-1.42624,0.659145,-1.34036
-1.3966,0.749649,-1.3428
-1.33551,0.746518,-1.39739
0.776841,-0.277622,-1.14543
0.926301,-0.168034,-1.13222
1.23634,0.259439,-1.18135
1.18063,0.216701,-1.34231
1.2529,0.36629,-1.38841
1.30861,0.409028,-1.22745
-1.12939,1.26788,-0.975985
-0.419616,1.35082,-0.7473
0.068356,1.61652,-1.10319
0.034059,1.67942,-1.16889
-0.031671,1.63083,-1.17252
0.002626,1.56793,-1.10681
-0.02284,1.35912,-0.80501
-0.019482,1.31837,-0.738578
0.309216,1.28546,-0.638688
0.290608,1.45624,-0.777844
0.34578,1.44793,-0.761159
0.479325,1.68425,-0.872967
0.384659,1.71161,-0.895162
0.487669,1.77496,-0.917027
0.523551,1.74021,-0.897351
0.654383,1.78897,-0.930659
0.75754,1.77194,-0.945715
0.839888,1.52861,-0.923802
0.933886,1.59243,-0.942115
1.19225,1.25104,-0.918996
1.18656,0.886951,-0.852212
1.29993,0.86925,-0.852608
1.40536,0.84893,-0.849062
1.45211,0.818868,-0.959384
0.685824,-0.227485,-1.64025
0.639521,-0.303167,-1.6233
0.591662,-0.277549,-1.79492
0.637964,-0.201868,-1.81187
0.554515,-0.090736,-2.57962
0.533361,-0.057669,-2.96218
-0.887438,0.71682,-2.05038
-0.813159,0.91152,-2.0587
-0.707832,0.893333,-2.37564
-0.782111,0.698633,-2.36733
-0.440065,0.913322,-3.56665
-0.391963,0.927887,-3.91979
0.253766,0.462165,-5.32985
0.298353,0.601178,-5.2919
0.532831,0.565243,-5.2421
0.488245,0.426231,-5.28005
0.768882,-0.139274,-1.63689
0.696202,-0.10986,-1.84081
0.609244,-0.008317,-2.53398
0.617738,0.121126,-2.96476
0.69871,0.30533,-2.99306
0.740265,0.28174,-2.64092
0.659293,0.097535,-2.61262
0.795058,0.386784,-2.6059
0.710535,0.00899,-2.06182
0.778092,0.120777,-2.09509
1.10532,0.070906,-1.29916
1.02751,0.062631,-1.48628
1.10283,0.208426,-1.52943
1.16079,0.343467,-1.57975
1.07813,0.487138,-1.84282
1.10975,0.639501,-1.90221
0.982991,0.488456,-2.02413
1.003,0.623428,-2.06536
0.800688,0.48879,-2.68921
1.44101,0.9272,-1.24317
1.42219,1.07041,-1.29608
1.39024,1.03347,-1.50878
1.30778,1.12356,-1.73968
1.2324,1.08065,-1.89533
1.12715,1.01409,-2.01502
1.11968,0.93441,-1.99334
1.01574,0.898168,-2.14804
1.02321,0.977847,-2.16973
0.93083,1.00613,-2.3552
0.874141,0.973618,-2.53585
0.946524,0.944898,-2.34421
0.875766,0.911786,-2.56893
1.33367,1.23818,-0.926641
1.39682,1.25736,-0.94367
1.34529,1.36907,-0.965838
1.29902,1.50605,-1.03281
1.21292,1.61183,-1.04859
1.07926,1.6989,-1.00082
1.09572,1.71526,-1.05764
0.96449,1.7882,-1.05524
0.94803,1.77185,-0.99842
0.81163,1.84452,-1.04209
0.681972,1.87407,-1.03526
0.397607,1.76715,-0.924832
0.512301,1.87302,-1.00606
0.628198,1.88249,-1.06594
0.458526,1.88145,-1.03674
1.00751,1.03908,-2.18071
0.955137,1.09225,-2.19364
1.03445,1.159,-2.05481
1.08683,1.10583,-2.04188
1.29262,1.47974,-1.15275
1.20321,1.57908,-1.1469
1.18267,1.33045,-1.772
1.09498,1.42758,-1.74374
1.08602,1.68251,-1.15595
0.950312,1.76216,-1.14811
-0.681394,1.4504,-0.980203
-0.509664,1.42819,-0.921312
-0.506483,1.43533,-0.97786
-0.678213,1.45754,-1.03675
-0.405939,1.45333,-1.00021
-0.138433,1.53579,-1.06863
-0.079722,1.65049,-1.22122
-0.737336,1.45355,-1.10909
1.12649,1.26651,-1.93626
0.942464,1.25364,-2.05212
1.03451,1.36115,-1.93357
0.886492,1.16095,-2.21767
0.188282,1.82666,-1.17967
0.106641,1.78905,-1.20887
0.011063,1.71692,-1.26199
0.04363,1.72256,-1.19531
1.05344,1.43813,-1.84359
0.7148,1.73923,-1.6025
0.680727,1.7422,-1.7118
0.451978,1.88219,-1.1026
0.64582,1.85649,-1.14289
0.469601,1.85618,-1.17955
0.442193,1.80622,-1.55962
0.57543,1.78939,-1.59139
0.560126,1.78281,-1.6898
0.42689,1.79964,-1.65803
0.001577,1.74911,-1.45455
0.029857,1.76879,-1.39564
0.115341,1.78911,-1.45547
0.305272,1.85626,-1.22042
0.348213,1.85312,-1.23908
0.332759,1.81356,-1.55992
0.327946,1.80696,-1.6162
0.218459,1.79134,-1.56682
-0.012976,1.72273,-1.55957
-0.116436,1.67203,-1.50626
-0.101883,1.69842,-1.40124
-0.250158,1.60418,-1.30988
-0.399163,1.52923,-1.22698
-0.826607,1.4356,-1.10999
-1.00081,1.33939,-1.27324
-0.912893,1.38435,-1.26226
-0.14882,1.62906,-1.55408
-0.097737,1.6048,-1.64485
-0.282254,1.49451,-1.51354
-0.00406,1.63712,-1.71437
-0.010318,1.49096,-1.86056
0.096719,1.52326,-1.93426
0.184355,1.55176,-1.95208
0.282798,1.69541,-1.78028
0.375233,1.68033,-1.82665
0.434742,1.53234,-2.07113
0.491423,1.66842,-1.86694
0.622431,1.63344,-1.88529
0.56575,1.49736,-2.08949
0.518731,1.39794,-2.26693
0.468938,1.32179,-2.41931
0.339001,1.35025,-2.39873
0.388794,1.4264,-2.24634
0.168146,1.44313,-2.12148
0.185437,1.36435,-2.31533
0.12213,1.33628,-2.30608
0.104839,1.41505,-2.11223
-0.002198,1.38275,-2.03853
-0.264758,1.29445,-1.87381
-0.21194,1.22314,-2.12198
-0.343065,1.17561,-2.07832
-0.395882,1.24693,-1.83015
-0.535028,1.19221,-1.80623
-0.70416,1.03314,-2.05929
-0.631054,1.00465,-2.38006
-0.435824,1.04609,-2.81465
-0.31963,1.08571,-2.83354
-0.272469,1.13607,-2.41817
-0.181001,1.17119,-2.37466
-0.091534,1.15322,-2.7992
0.019177,1.16612,-2.91119
0.22661,1.18451,-2.91332
0.145615,1.25921,-2.59679
0.242256,1.28763,-2.55304
0.323251,1.21293,-2.86957
0.426857,1.25432,-2.62765
0.628288,0.914699,-3.46595
0.538435,0.953579,-3.55433
0.404811,1.10306,-3.23816
0.241958,1.14885,-3.23383
0.044372,1.14682,-3.56918
-0.114713,1.13513,-3.56572
-0.261188,1.08638,-3.21906
-0.356321,1.04768,-3.22746
-0.377856,1.00853,-3.59531
-0.355715,0.944949,-4.24189
-0.331011,1.01985,-3.94292
-0.294763,1.03691,-4.26502
-0.02514,1.16203,-3.96963
0.00978,1.15597,-3.97214
0.129221,1.14894,-4.32004
0.065441,1.13706,-3.88531
0.184882,1.13003,-4.23322
0.370413,1.0051,-4.25341
-0.321081,0.977336,-4.68097
-0.240824,1.06201,-4.68007
-0.08248,1.14619,-5.17483
-0.026423,1.17491,-5.2105
-0.038327,1.17273,-4.58765
-0.001601,1.17766,-4.58938
0.010304,1.17983,-5.21222
0.072991,1.16725,-5.20696
0.225879,1.12553,-4.60252
0.36527,0.988389,-4.64764
0.266795,0.683385,-5.27818
0.229522,0.747681,-5.26261
0.423288,0.943106,-5.15413
0.460561,0.87881,-5.1697
-0.070405,1.15458,-5.18678
-0.023413,1.12328,-5.20952
0.559937,0.605524,-4.65178
0.590817,0.582901,-4.20694
0.796857,0.901865,-2.8314
0.736462,0.894544,-3.08517
0.730956,0.487964,-3.03368
0.610653,0.759594,-3.85947
0.660711,0.733608,-3.49069
0.562497,0.004992,-0.699301
0.444133,0.043511,-0.70047
-0.43144,1.23394,-0.665154
-0.419233,1.1132,-0.650962
-0.436685,1.06421,-0.657766
-0.466308,0.985907,-0.669968
-1.46999,0.634468,-0.724116
-1.37137,0.620807,-0.694045
-1.24237,0.648325,-0.718374
-1.05682,0.394051,-0.725623
-1.24871,0.479534,-0.699834
-1.18544,0.353744,-0.698117
-0.473331,0.808599,-0.68623
-0.444415,0.754061,-0.682776
-0.43588,0.468909,-0.711663
-0.55565,0.385496,-0.740772
-1.08183,0.211717,-0.695392
-0.561525,-0.015959,-0.737861
-0.529948,0.07311,-0.754763
-0.452304,0.133976,-0.756195
-0.476203,0.303787,-0.738936
-0.408996,0.407739,-0.711214
-0.33313,0.818124,-0.6198
-0.305049,0.782033,-0.61262
-0.322767,0.576675,-0.653301
-0.273501,0.657534,-0.621594
0.024513,0.866507,-0.589012
0.047833,0.803801,-0.607791
0.050716,0.722713,-0.620143
-0.040714,0.783296,-0.548278
-0.0727,0.740367,-0.548504
0.018729,0.679784,-0.620368
0.251305,0.71648,-0.625119
0.193929,0.977747,-0.613699
-0.227341,1.09976,-0.539282
-0.177672,1.03946,-0.514125
-0.15138,1.04911,-0.519819
-0.201049,1.10941,-0.544976
-0.239579,0.674881,-0.593386
-0.208092,0.629978,-0.597746
-0.171207,0.728583,-0.536927
-0.295883,0.515505,-0.652852
-0.225771,0.51125,-0.644696
-0.106544,0.341782,-0.711309
-0.171605,0.33825,-0.694354
-0.280762,-0.086029,-0.799315
-0.078106,0.07421,-0.81202
0.004066,0.211081,-0.80372
-0.052238,0.228005,-0.809521
-0.13441,0.091133,-0.817822
-0.150446,0.09355,-0.812221
0.114147,0.117412,-0.770625
-0.102152,-0.063068,-0.812962
0.090102,-0.019865,-0.771567
0.124845,0.357737,-0.717777
0.13941,0.422331,-0.690482
0.08412,0.597706,-0.667993
0.311835,0.714164,-0.598432
0.273047,0.560966,-0.640722
0.333577,0.558649,-0.614036
0.395932,0.34383,-0.64716
0.404818,0.214681,-0.673583
0.033357,-0.225607,-0.797048
0.175528,-0.2338,-0.771933
0.232273,-0.028058,-0.746453
0.617549,0.072807,-0.691105
0.522155,0.148101,-0.6719
0.463885,0.315853,-0.634771
0.401531,0.530672,-0.601647
0.409683,0.583386,-0.584874
0.36617,0.708269,-0.57337
0.355699,0.882701,-0.522703
0.340922,0.808846,-0.577162
0.389335,0.789411,-0.539102
0.329026,1.03562,-0.500476
0.366095,0.909024,-0.507627
0.402897,0.891541,-0.546844
0.365828,1.01814,-0.539693
0.428941,0.790459,-0.54234
0.600445,0.656781,-0.707406
0.588273,0.796375,-0.737816
0.64859,1.02648,-0.815703
0.560508,1.04583,-0.775758
0.466951,1.24241,-0.75425
0.372239,1.14311,-0.620136
0.427316,1.1519,-0.688571
0.41097,1.48749,-0.785583
0.399994,1.44772,-0.772352
0.82218,1.65274,-0.936387
0.756187,1.57881,-0.909699
0.541005,1.48706,-0.837471
0.596848,1.54633,-0.859185
0.628896,1.37041,-0.863503
0.746902,1.35869,-0.893235
0.814912,1.27749,-0.895787
1.05672,1.03685,-0.876283
0.947894,1.05344,-0.873547
0.755306,0.980637,-0.841678
0.860814,0.960586,-0.855441
0.864688,0.826728,-0.834001
0.78749,0.826739,-0.823686
0.673912,0.597005,-0.736821
0.736583,0.41566,-0.684921
1.04402,0.294862,-0.69959
1.11815,0.247739,-0.696187
-1.24373,1.16503,-0.940893
-1.5343,0.583754,-0.779476
-1.49321,0.524628,-0.71189
-1.37771,0.452015,-0.675504
-1.45822,0.425534,-0.691037
-1.03919,-0.01139,-0.668172
-1.10824,-0.056535,-0.671871
-0.850976,-0.104301,-0.683054
-0.945802,-0.159087,-0.671579
-0.976517,-0.181017,-0.692919
-0.942533,-0.235622,-0.739
-1.13895,-0.078466,-0.693211
-1.13478,-0.125341,-0.748364
-1.51162,0.347896,-1.05199
-1.49801,0.363318,-0.904383
-1.4219,0.157816,-0.943752
-1.41027,0.143499,-0.841656
-1.553,0.584084,-0.867033
-1.54494,0.505428,-0.865059
-1.56875,0.597292,-1.09695
-1.55854,0.490006,-1.01266
-1.5649,0.58367,-0.972689
-1.50113,0.896673,-1.1973
-1.53865,0.8163,-1.15839
-1.55388,0.709202,-1.05032
-1.00835,0.797642,-1.80566
-1.1105,0.892422,-1.60861
-1.09936,1.15861,-1.46032
-1.33289,0.17386,-1.36808
-1.22488,0.213978,-1.53838
-1.17982,0.050916,-1.55586
-1.09661,0.123759,-1.72426
-1.01925,-0.027507,-1.80523
-0.759295,-0.48856,-1.90132
-0.893898,-0.436443,-1.71513
-1.19439,-0.241936,-1.24606
-1.2392,-0.206737,-1.28723
-1.08413,-0.362514,-1.48507
-1.03932,-0.397713,-1.44391
-0.452952,-0.619316,-1.71504
-0.245362,-0.654881,-1.68969
-0.252214,-0.637049,-1.54499
-0.459804,-0.601484,-1.57035
-1.01252,-0.390468,-1.23428
-0.940851,-0.440077,-1.40893
-0.70425,-0.512614,-1.40961
-0.557945,-0.592508,-1.79618
-0.657229,-0.55132,-1.59595
-1.11537,-0.190881,-0.828784
-1.09549,-0.257001,-0.938856
-0.970466,-0.354456,-1.01092
-0.890885,-0.36575,-0.935436
-0.506824,-0.562778,-1.384
-0.406,-0.357602,-0.804951
-0.571439,-0.399939,-0.8229
-0.539514,-0.466626,-0.954819
-0.374075,-0.424289,-0.93687
-0.191019,-0.406536,-0.904393
0.350996,-0.491226,-1.25441
0.349575,-0.414539,-1.02972
0.187892,-0.347225,-0.866213
0.53979,-0.356689,-1.01456
1.04026,-0.040577,-1.1265
1.06672,-0.010948,-0.971238
0.952764,-0.138405,-0.976962
1.17005,0.123068,-0.978956
1.34413,0.447346,-1.04318
1.3862,0.690681,-0.814773
1.42034,0.653694,-0.897645
0.545053,-0.391608,-1.17601
0.452619,-0.44941,-1.27106
0.567207,-0.367203,-1.65415
0.299265,-0.594903,-1.78165
0.332405,-0.571725,-1.83994
0.529342,-0.369876,-1.76834
0.477554,-0.363382,-1.9303
0.372371,-0.454013,-2.16122
0.445166,-0.355006,-2.18335
0.297191,-0.535846,-2.19098
0.187605,-0.584458,-2.58937
0.091231,-0.64358,-2.64555
0.294831,-0.596082,-1.92053
0.25992,-0.637621,-1.91948
0.192531,-0.680363,-2.07212
0.249343,-0.634295,-1.82306
0.140451,-0.70943,-1.81017
0.168055,-0.65907,-1.71325
0.078325,-0.675479,-1.67508
0.05072,-0.725839,-1.772
-0.057503,-0.688281,-1.67683
-0.176782,-0.690263,-1.73763
-0.2283,-0.745602,-1.9191
-0.297183,-0.73787,-2.03925
-0.181325,-0.787009,-2.01232
0.065771,-0.755108,-1.88863
0.174081,-0.71067,-2.02166
0.088824,-0.753022,-2.00371
0.04308,-0.769842,-2.019
0.049106,-0.763861,-2.12677
0.09485,-0.747041,-2.11147
0.113299,-0.716734,-2.16193
-0.090018,-0.800782,-2.07169
-0.133362,-0.7997,-2.08985
-0.135894,-0.79208,-2.21463
-0.09255,-0.793162,-2.19647
-0.376177,-0.69037,-2.46962
-0.33778,-0.71611,-2.41045
-0.387031,-0.689397,-2.36589
-0.425428,-0.663657,-2.42506
-0.299382,-0.741851,-2.35129
-0.260985,-0.767591,-2.29213
-0.310236,-0.740878,-2.24757
-0.348633,-0.715138,-2.30673
-0.259006,-0.616719,-3.01835
-0.223583,-0.548277,-3.40022
-0.149632,-0.558117,-3.44844
-0.185054,-0.62656,-3.06658
-0.05601,-0.574199,-3.43093
0.01679,-0.579989,-3.34576
0.07691,-0.608109,-2.92553
0.101387,-0.512488,-3.41421
0.161506,-0.540609,-2.99399
0.259397,-0.474191,-2.97037
0.259342,-0.390772,-3.40208
0.34057,-0.333288,-3.30058
0.340625,-0.416707,-2.86888
0.398991,-0.212583,-3.39175
0.342617,-0.079396,-4.23756
0.36852,-0.166408,-3.80532
0.236115,-0.321818,-3.81158
0.210212,-0.234806,-4.24381
0.202656,-0.13776,-4.73052
0.319054,0.003403,-4.73257
0.411464,0.26874,-5.29603
-0.004154,0.195862,-5.35261
-0.048104,-0.186877,-5.33989
-0.109936,-0.159285,-5.35637
-0.12769,-0.484498,-3.83681
-0.198297,-0.45094,-3.85232
-0.266171,-0.398895,-3.83013
-0.2344,-0.508115,-3.52011
-0.302274,-0.45607,-3.49792
-0.198902,-0.680617,-2.75614
-0.290665,-0.6538,-2.78823
-0.389258,-0.65301,-2.6155
-0.491109,0.389993,-3.83448
-0.461117,0.245363,-3.8146
-0.492086,0.191544,-3.46484
-0.522078,0.336175,-3.48471
-0.855156,-0.032313,-2.07387
-0.899294,0.125801,-2.08054
-0.800982,0.190582,-2.35476
-0.756844,0.032468,-2.34809
-0.822411,0.3526,-2.35256
-0.567794,0.300078,-3.14794
-0.581108,0.453312,-3.15539
-0.535392,0.489409,-3.49216
-0.494562,0.520218,-3.8424
-0.372088,0.854642,-4.65116
-0.388456,0.787722,-5.27219
-0.415464,0.732461,-4.67685
-0.189253,-0.100915,-5.36157
-0.251193,-0.004107,-5.35246
-0.316802,-0.306841,-3.83396
-0.338509,-0.388967,-3.4493
-0.389447,-0.543546,-2.86589
-0.396793,-0.417288,-2.90923
-0.45424,-0.582684,-2.56073
-0.425484,-0.416989,-2.79027
-0.618561,0.07956,-2.76712
-0.563532,-0.089807,-2.76753
-0.701815,-0.136899,-2.3485
-0.483501,-0.02915,-3.13341
-0.439864,0.338392,-4.21641
-0.404179,0.207073,-4.23552
-0.425432,0.114044,-3.8337
-0.394357,0.320875,-4.73626
-0.139481,0.403009,-5.35922
-0.352463,0.296683,-5.34208
-0.154615,0.703763,-5.31792
-0.345379,0.859381,-0.619744
-0.857231,0.325426,-0.745397
-0.974657,0.279274,-0.721945
-0.322951,1.20113,-0.60653
-0.317468,1.14419,-0.58984
-0.27783,1.1561,-0.57343
-0.271126,0.79938,-0.584412
-0.2103,1.02414,-0.511505
0.259999,1.14204,-0.494217
0.302502,1.09388,-0.497123
-0.121736,0.652456,-0.583157
-0.385826,0.8019,-0.650315
-0.345582,1.19325,-0.620295
0.003787,1.75074,-1.34727
0.031737,1.2595,-0.68263
-0.371729,1.33967,-0.738059
-0.396333,1.39214,-0.853845
0.20489,1.58386,-0.9018
-0.297779,1.22191,-0.610823
0.29942,1.12627,-0.506671
0.186904,0.946358,-0.633798
0.642063,0.945004,-0.800321
0.661416,0.781402,-0.782981
0.748779,0.899163,-0.826295
0.577487,1.34497,-0.84276
0.822713,1.40356,-0.910381
1.00788,1.16185,-0.8946
1.18028,0.737226,-0.822907
-0.39312,1.30787,-1.68053
0.008031,1.5061,-1.02795
-1.12909,0.2205,-1.69617
-1.28124,0.744245,-1.46588
1.00396,-0.069938,-1.27944
-0.370733,1.42138,-0.90811
1.02054,1.66454,-0.963144
0.504691,-0.247867,-2.22484
-0.406722,0.822255,-4.21208
0.54577,0.688816,-5.20631
0.514212,0.771024,-5.19258
0.574946,0.418758,-4.20842
0.721892,0.128442,-2.33384
1.11805,0.797095,-1.94535
0.795232,0.963697,-2.79832
1.19208,1.1724,-1.92218
1.24826,1.23634,-1.75792
-0.353327,1.52321,-1.14502
0.731912,1.00928,-2.84939
0.653379,1.71459,-1.76422
0.278214,1.76226,-1.67143
0.416985,1.18134,-2.91296
-0.085641,1.14969,-3.90336
-0.070962,1.16086,-4.24376
0.531265,0.906713,-3.88719
0.165849,1.14688,-4.71682
0.371127,1.00911,-5.27669
0.668874,0.853722,-3.44988
-0.746414,0.396601,-0.753895
-0.064034,0.846002,-0.529499
-0.328455,-0.27623,-0.800463
-0.264726,-0.088446,-0.804916
-0.165881,-0.250851,-0.808509
0.507467,0.213919,-0.652189
0.464225,1.09144,-0.703563
-0.726431,-0.371057,-0.816311
-0.923122,-0.301163,-0.81942
-1.19331,-0.183279,-1.44746
-0.958881,-0.066525,-1.89264
-1.10133,-0.304896,-1.53065
-0.694195,-0.435644,-0.932327
0.008219,-0.381292,-0.892932
0.771578,-0.242703,-0.983977
1.26478,0.28224,-1.01409
0.360675,-0.436207,-2.53599
-0.292566,-0.749479,-2.13493
-0.002664,-0.786662,-2.0343
-0.17924,-0.790998,-2.23279
-0.424726,0.405719,-4.62078
-0.528856,0.129869,-3.13695
-0.678929,0.411787,-2.77591
-0.443563,0.689918,-4.19351
-0.307203,0.14467,-5.35388
-0.446731,0.032525,-3.4613
-0.42555,-0.582984,-2.67969
-0.657499,0.249769,-2.77811
-0.353155,-0.613572,-2.8017
-0.034069,-0.50058,-3.81929
0.07816,-0.443534,-3.82371
0.003362,-0.780681,-2.14206
0.285495,-0.51804,-2.56575
-1.13754,-0.293013,-1.16221
-0.073377,-0.64089,-1.50917
-0.816003,-0.171262,-2.05629
-0.959659,0.164819,-1.99314
1.28077,0.711001,-0.818319
0.700127,0.708979,-0.780371
0.904412,1.16028,-0.88498
0.568919,0.959977,-0.755156
0.472636,1.00559,-0.682961
0.408339,1.03025,-0.615692
0.329729,1.131,-0.544136
0.274797,0.146622,-0.721412
0.419506,0.148863,-0.693295
0.174533,0.169171,-0.74806
0.286588,0.814741,-0.602224
-0.796666,0.487809,-0.757863
0.299424,0.041269,-0.728587
-0.010462,1.17321,-4.31003
0.333124,1.28591,-2.58426
0.248133,1.35197,-2.3675
0.012584,1.72254,-1.60731
0.317644,1.77443,-1.6601
0.532778,1.7552,-1.74222
0.416588,1.76711,-1.70193
0.695876,0.955521,-3.10123
-0.38112,1.44813,-1.45544
-0.868282,1.30938,-1.44208
-0.086998,1.68431,-1.30649
-0.235273,1.59008,-1.21513
0.797452,1.81848,-1.13496
0.324556,1.85959,-1.11998
1.0113,0.781022,-2.10849
0.671843,0.02259,-2.2552
0.946088,-0.064529,-1.44927
0.546999,0.481951,-4.68757
0.539874,-0.271055,-1.95687
1.14083,1.36252,-0.930343
1.28225,1.34965,-0.937988
0.908836,1.72485,-0.957416
0.268752,1.66227,-0.901295
0.245332,1.25624,-0.615324
-0.44422,1.4033,-0.863086
1.4086,0.878109,-1.43757
1.14161,0.100267,-1.14622
-0.794578,1.43095,-0.987927
-1.02681,1.26368,-1.4352
-0.946893,1.30415,-1.42212
-1.48783,0.554988,-1.34803
-1.55133,0.687219,-0.962062
-0.298606,1.34287,-1.71875
-0.206498,0.206134,-0.731752
0.709028,0.314379,-0.638223
-0.137701,0.211048,-0.743432
0.032743,0.640265,-0.656605
0.156926,1.64432,-0.963418
0.198539,1.65645,-0.927276
0.293126,1.5184,-0.811404
0.348298,1.51009,-0.794719
0.269678,1.59307,-0.861991
-0.396458,1.18186,-0.642766
-0.100399,1.31739,-0.737455
-0.186755,0.949234,-0.501678
-0.262569,1.10078,-0.557854
-0.939392,0.440203,-0.749075
-0.083471,0.254232,-5.3578
-0.176708,-0.798618,-2.10801
